ID,"Form Id","Form Title",Country,Organization,Branch,"Branch Level",Before,During,After,"Created At"
42,HdULwfVZ,"PP Survey - Nepal Test Krizmatic (testing)(Without Name)",Nepal,Krizmatic,Oceania,Branch,"01-04-2025 to 05-04-2025","06-04-2025 to 19-04-2025","20-04-2025 to 30-04-2025","2025-04-24 05:09:13"
41,WvlgTipL,"PP Survey - Australia Test Krizmatic",Australia,Krizmatic,Oceania,Branch,"01-04-2025 to 05-04-2025","06-04-2025 to 19-04-2025","20-04-2025 to 30-04-2025","2025-04-24 04:58:50"
32,lWyY08bN,"PP Survey | Kenya | TCF",Kenya,"The Charitable Foundation","Main Branch","Main Branch","14-04-2025 to 31-05-2025",,,"2025-04-14 05:11:46"
31,Oc3oJSuU,"PP Survey | South Sudan | TCF",Sudan,"The Charitable Foundation","Main Branch","Main Branch","14-04-2025 to 31-05-2025",,,"2025-04-14 01:41:23"
30,R1S47nl1,"PP Survey - Mexico Test 3",Mexico,"Institute for Economics & Peace","North America",Branch,"11-04-2025 to 13-04-2025",,,"2025-04-11 00:18:24"
27,zA7q38pK,"PP Survey - US Test","United States","Institute for Economics & Peace",Asia-Pacific,Branch,"01-04-2025 to 12-04-2025","13-04-2025 to 26-04-2025","27-04-2025 to 30-04-2025","2025-04-03 05:06:09"
26,HSm8Hn55,"PP Survey - Mexico Test 2",Mexico,"Institute for Economics & Peace","North America",Branch,"01-04-2025 to 05-04-2025",,,"2025-03-31 23:50:28"
25,C2x9h6E6,"PP Survey - Germany - IEP",Germany,"Institute for Economics & Peace","Europe & MENA",Branch,"01-03-2025 to 08-03-2025","09-03-2025 to 22-03-2025","16-03-2025 to 31-03-2025","2025-03-31 11:59:52"
23,aG4lCMeJ,"Positive Peace Survey 2024 Nepal","Ã…land Islands",Krizmatic,"Main Branch","Main Branch","01-03-2025 to 08-03-2025","09-03-2025 to 22-03-2025",,"2025-03-31 09:59:54"
22,rZw3S1fZ,"PP Survey - Australia Test",Australia,"Institute for Economics & Peace",Asia-Pacific,Branch,"09-03-2025 to 15-03-2025","23-03-2025 to 29-03-2025","30-03-2025 to 05-04-2025","2025-03-31 06:18:19"
13,q96ah89t,"PP Survey - France 2 Test",France,"World Vision","Main Branch","Main Branch","24-03-2025 to 25-03-2025","26-03-2025 to 27-03-2025","28-03-2025 to 31-03-2025","2025-03-25 03:41:05"
10,PkuxGEnn,"PP Survey - Mexico Test",Mexico,"Institute for Economics & Peace","Latin America",Branch,"23-03-2025 to 24-03-2025","25-03-2025 to 26-03-2025",,"2025-03-24 01:59:02"
9,REXOosjA,"PP Survey - France Test",France,"Institute for Economics & Peace","Europe & MENA",Branch,"19-03-2025 to 21-03-2025","22-03-2025 to 24-03-2025","25-03-2025 to 27-03-2025","2025-03-23 12:26:14"
6,BLR94fYk,"PP Survey - Cambodia Test",Cambodia,"Institute for Economics & Peace",Asia-Pacific,Branch,"23-03-2025 to 24-03-2025","25-03-2025 to 26-03-2025","01-04-2025 to 04-04-2025","2025-03-20 13:41:30"
4,TfCX3x4c,"PP Survey - Kenya Test",Kenya,"Institute for Economics & Peace",Africa,Branch,"01-01-2025 to 31-01-2025",,,"2025-03-20 12:31:06"
2,H4xnqMxy,"Positive Peace Survey 2024 Malawi",Malawi,"Institute for Economics & Peace",Africa,Branch,"01-01-2025 to 31-01-2025",,,"2025-03-20 12:19:02"
